{
  "model_name": "random_forest",
  "timestamp": 1756779948.892478,
  "result": {
    "accuracy": 0.9803921568627451,
    "precision_macro": 0.9666666666666666,
    "recall_macro": 0.9800000000000001,
    "f1_macro": 0.968888888888889,
    "precision_weighted": 0.9869281045751634,
    "recall_weighted": 0.9803921568627451,
    "f1_weighted": 0.9812636165577342,
    "per_class_metrics": {
      "compliance_assessment": {
        "precision": 1.0,
        "recall": 1.0,
        "f1_score": 1.0
      },
      "data_analysis": {
        "precision": 1.0,
        "recall": 0.8,
        "f1_score": 0.888888888888889
      },
      "file_forensics": {
        "precision": 0.6666666666666666,
        "recall": 1.0,
        "f1_score": 0.8
      },
      "incident_response": {
        "precision": 1.0,
        "recall": 1.0,
        "f1_score": 1.0
      },
      "malware_analysis": {
        "precision": 1.0,
        "recall": 1.0,
        "f1_score": 1.0
      },
      "network_analysis": {
        "precision": 1.0,
        "recall": 1.0,
        "f1_score": 1.0
      },
      "patent_analysis": {
        "precision": 1.0,
        "recall": 1.0,
        "f1_score": 1.0
      },
      "threat_hunting": {
        "precision": 1.0,
        "recall": 1.0,
        "f1_score": 1.0
      },
      "threat_intelligence": {
        "precision": 1.0,
        "recall": 1.0,
        "f1_score": 1.0
      },
      "vulnerability_scan": {
        "precision": 1.0,
        "recall": 1.0,
        "f1_score": 1.0
      }
    },
    "confusion_matrix": [
      [
        3,
        0,
        0,
        0,
        0,
        0,
        0,
        0,
        0,
        0
      ],
      [
        0,
        4,
        1,
        0,
        0,
        0,
        0,
        0,
        0,
        0
      ],
      [
        0,
        0,
        2,
        0,
        0,
        0,
        0,
        0,
        0,
        0
      ],
      [
        0,
        0,
        0,
        9,
        0,
        0,
        0,
        0,
        0,
        0
      ],
      [
        0,
        0,
        0,
        0,
        9,
        0,
        0,
        0,
        0,
        0
      ],
      [
        0,
        0,
        0,
        0,
        0,
        7,
        0,
        0,
        0,
        0
      ],
      [
        0,
        0,
        0,
        0,
        0,
        0,
        2,
        0,
        0,
        0
      ],
      [
        0,
        0,
        0,
        0,
        0,
        0,
        0,
        6,
        0,
        0
      ],
      [
        0,
        0,
        0,
        0,
        0,
        0,
        0,
        0,
        2,
        0
      ],
      [
        0,
        0,
        0,
        0,
        0,
        0,
        0,
        0,
        0,
        6
      ]
    ],
    "cross_val_scores": [
      0.7272727272727273,
      0.8,
      0.7,
      1.0,
      0.8
    ],
    "cross_val_mean": 0.8054545454545454,
    "cross_val_std": 0.10501475693231747,
    "evaluation_time": 0.812204122543335,
    "num_test_examples": 51
  }
}